{
    "variable": [
        {
            "id": "baseUrl",
            "key": "baseUrl",
            "type": "string",
            "name": "string",
            "value": "localhost"
        }
    ],
    "info": {
        "name": "BlasterServer",
        "_postman_id": "465e0a34-60f6-451a-8dc2-16998efb9a73",
        "description": "",
        "schema": "https:\/\/schema.getpostman.com\/json\/collection\/v2.1.0\/collection.json"
    },
    "item": [
        {
            "name": "Endpoints",
            "description": "",
            "item": [
                {
                    "name": "Return an empty response simply to trigger the storage of the CSRF cookie in the browser.",
                    "request": {
                        "url": {
                            "protocol": "http",
                            "host": "{{baseUrl}}",
                            "path": "sanctum\/csrf-cookie",
                            "query": [],
                            "raw": "http:\/\/{{baseUrl}}\/sanctum\/csrf-cookie"
                        },
                        "method": "GET",
                        "header": [
                            {
                                "key": "Content-Type",
                                "value": "application\/json"
                            },
                            {
                                "key": "Accept",
                                "value": "application\/json"
                            }
                        ],
                        "body": null,
                        "description": "",
                        "auth": {
                            "type": "noauth"
                        }
                    },
                    "response": []
                },
                {
                    "name": "Display a listing of the resource.",
                    "request": {
                        "url": {
                            "protocol": "http",
                            "host": "{{baseUrl}}",
                            "path": "api\/lands",
                            "query": [],
                            "raw": "http:\/\/{{baseUrl}}\/api\/lands"
                        },
                        "method": "GET",
                        "header": [
                            {
                                "key": "Content-Type",
                                "value": "application\/json"
                            },
                            {
                                "key": "Accept",
                                "value": "application\/json"
                            }
                        ],
                        "body": null,
                        "description": "",
                        "auth": {
                            "type": "noauth"
                        }
                    },
                    "response": [
                        {
                            "name": "Display a listing of the resource. Response #1",
                            "originalRequest": {
                                "url": {
                                    "protocol": "http",
                                    "host": "{{baseUrl}}",
                                    "path": "api\/lands",
                                    "query": [],
                                    "raw": "http:\/\/{{baseUrl}}\/api\/lands"
                                },
                                "method": "GET",
                                "header": [
                                    {
                                        "key": "Content-Type",
                                        "value": "application\/json"
                                    },
                                    {
                                        "key": "Accept",
                                        "value": "application\/json"
                                    }
                                ],
                                "body": null,
                                "description": "",
                                "auth": {
                                    "type": "noauth"
                                }
                            },
                            "header": null,
                            "cookie": [],
                            "body": "[\n    {\n        \"id\": 1,\n        \"name\": \"Khartoum\",\n        \"poupulation\": \"12233444\",\n        \"created_at\": \"2022-02-13T17:05:07.000000Z\",\n        \"updated_at\": \"2022-02-13T17:05:07.000000Z\",\n        \"area\": \"11087\"\n    }\n]"
                        }
                    ]
                },
                {
                    "name": "Display the specified resource.",
                    "request": {
                        "url": {
                            "protocol": "http",
                            "host": "{{baseUrl}}",
                            "path": "api\/lands\/:id",
                            "query": [],
                            "raw": "http:\/\/{{baseUrl}}\/api\/lands\/:id",
                            "variable": [
                                {
                                    "id": "id",
                                    "key": "id",
                                    "value": "iusto",
                                    "description": ""
                                }
                            ]
                        },
                        "method": "POST",
                        "header": [
                            {
                                "key": "Content-Type",
                                "value": "application\/json"
                            },
                            {
                                "key": "Accept",
                                "value": "application\/json"
                            }
                        ],
                        "body": null,
                        "description": "",
                        "auth": {
                            "type": "noauth"
                        }
                    },
                    "response": []
                },
                {
                    "name": "Search for specified resource by name from storage.",
                    "request": {
                        "url": {
                            "protocol": "http",
                            "host": "{{baseUrl}}",
                            "path": "api\/lands\/search\/:name",
                            "query": [],
                            "raw": "http:\/\/{{baseUrl}}\/api\/lands\/search\/:name",
                            "variable": [
                                {
                                    "id": "name",
                                    "key": "name",
                                    "value": "asperiores",
                                    "description": ""
                                }
                            ]
                        },
                        "method": "POST",
                        "header": [
                            {
                                "key": "Content-Type",
                                "value": "application\/json"
                            },
                            {
                                "key": "Accept",
                                "value": "application\/json"
                            }
                        ],
                        "body": null,
                        "description": "",
                        "auth": {
                            "type": "noauth"
                        }
                    },
                    "response": []
                },
                {
                    "name": "api\/register",
                    "request": {
                        "url": {
                            "protocol": "http",
                            "host": "{{baseUrl}}",
                            "path": "api\/register",
                            "query": [],
                            "raw": "http:\/\/{{baseUrl}}\/api\/register"
                        },
                        "method": "POST",
                        "header": [
                            {
                                "key": "Content-Type",
                                "value": "application\/json"
                            },
                            {
                                "key": "Accept",
                                "value": "application\/json"
                            }
                        ],
                        "body": null,
                        "description": "",
                        "auth": {
                            "type": "noauth"
                        }
                    },
                    "response": []
                },
                {
                    "name": "api\/login",
                    "request": {
                        "url": {
                            "protocol": "http",
                            "host": "{{baseUrl}}",
                            "path": "api\/login",
                            "query": [],
                            "raw": "http:\/\/{{baseUrl}}\/api\/login"
                        },
                        "method": "POST",
                        "header": [
                            {
                                "key": "Content-Type",
                                "value": "application\/json"
                            },
                            {
                                "key": "Accept",
                                "value": "application\/json"
                            }
                        ],
                        "body": null,
                        "description": "",
                        "auth": {
                            "type": "noauth"
                        }
                    },
                    "response": []
                },
                {
                    "name": "Store a newly created resource in storage.",
                    "request": {
                        "url": {
                            "protocol": "http",
                            "host": "{{baseUrl}}",
                            "path": "api\/lands",
                            "query": [],
                            "raw": "http:\/\/{{baseUrl}}\/api\/lands"
                        },
                        "method": "POST",
                        "header": [
                            {
                                "key": "Content-Type",
                                "value": "application\/json"
                            },
                            {
                                "key": "Accept",
                                "value": "application\/json"
                            }
                        ],
                        "body": null,
                        "description": "",
                        "auth": {
                            "type": "noauth"
                        }
                    },
                    "response": []
                },
                {
                    "name": "Update the specified resource in storage.",
                    "request": {
                        "url": {
                            "protocol": "http",
                            "host": "{{baseUrl}}",
                            "path": "api\/lands\/:id",
                            "query": [],
                            "raw": "http:\/\/{{baseUrl}}\/api\/lands\/:id",
                            "variable": [
                                {
                                    "id": "id",
                                    "key": "id",
                                    "value": "doloribus",
                                    "description": ""
                                }
                            ]
                        },
                        "method": "PUT",
                        "header": [
                            {
                                "key": "Content-Type",
                                "value": "application\/json"
                            },
                            {
                                "key": "Accept",
                                "value": "application\/json"
                            }
                        ],
                        "body": null,
                        "description": "",
                        "auth": {
                            "type": "noauth"
                        }
                    },
                    "response": []
                },
                {
                    "name": "Remove the specified resource from storage.",
                    "request": {
                        "url": {
                            "protocol": "http",
                            "host": "{{baseUrl}}",
                            "path": "api\/lands\/:id",
                            "query": [],
                            "raw": "http:\/\/{{baseUrl}}\/api\/lands\/:id",
                            "variable": [
                                {
                                    "id": "id",
                                    "key": "id",
                                    "value": "officia",
                                    "description": ""
                                }
                            ]
                        },
                        "method": "DELETE",
                        "header": [
                            {
                                "key": "Content-Type",
                                "value": "application\/json"
                            },
                            {
                                "key": "Accept",
                                "value": "application\/json"
                            }
                        ],
                        "body": null,
                        "description": "",
                        "auth": {
                            "type": "noauth"
                        }
                    },
                    "response": []
                },
                {
                    "name": "api\/logout",
                    "request": {
                        "url": {
                            "protocol": "http",
                            "host": "{{baseUrl}}",
                            "path": "api\/logout",
                            "query": [],
                            "raw": "http:\/\/{{baseUrl}}\/api\/logout"
                        },
                        "method": "POST",
                        "header": [
                            {
                                "key": "Content-Type",
                                "value": "application\/json"
                            },
                            {
                                "key": "Accept",
                                "value": "application\/json"
                            }
                        ],
                        "body": null,
                        "description": "",
                        "auth": {
                            "type": "noauth"
                        }
                    },
                    "response": []
                },
                {
                    "name": "api\/user",
                    "request": {
                        "url": {
                            "protocol": "http",
                            "host": "{{baseUrl}}",
                            "path": "api\/user",
                            "query": [],
                            "raw": "http:\/\/{{baseUrl}}\/api\/user"
                        },
                        "method": "GET",
                        "header": [
                            {
                                "key": "Content-Type",
                                "value": "application\/json"
                            },
                            {
                                "key": "Accept",
                                "value": "application\/json"
                            }
                        ],
                        "body": null,
                        "description": "",
                        "auth": {
                            "type": "noauth"
                        }
                    },
                    "response": [
                        {
                            "name": "api\/user Response #1",
                            "originalRequest": {
                                "url": {
                                    "protocol": "http",
                                    "host": "{{baseUrl}}",
                                    "path": "api\/user",
                                    "query": [],
                                    "raw": "http:\/\/{{baseUrl}}\/api\/user"
                                },
                                "method": "GET",
                                "header": [
                                    {
                                        "key": "Content-Type",
                                        "value": "application\/json"
                                    },
                                    {
                                        "key": "Accept",
                                        "value": "application\/json"
                                    }
                                ],
                                "body": null,
                                "description": "",
                                "auth": {
                                    "type": "noauth"
                                }
                            },
                            "header": null,
                            "cookie": [],
                            "body": "{\n    \"message\": \"Unauthenticated.\"\n}"
                        }
                    ]
                },
                {
                    "name": "\/",
                    "request": {
                        "url": {
                            "protocol": "http",
                            "host": "{{baseUrl}}",
                            "path": "\/",
                            "query": [],
                            "raw": "http:\/\/{{baseUrl}}\/\/"
                        },
                        "method": "GET",
                        "header": [
                            {
                                "key": "Content-Type",
                                "value": "application\/json"
                            },
                            {
                                "key": "Accept",
                                "value": "application\/json"
                            }
                        ],
                        "body": null,
                        "description": "",
                        "auth": {
                            "type": "noauth"
                        }
                    },
                    "response": [
                        {
                            "name": "\/ Response #1",
                            "originalRequest": {
                                "url": {
                                    "protocol": "http",
                                    "host": "{{baseUrl}}",
                                    "path": "\/",
                                    "query": [],
                                    "raw": "http:\/\/{{baseUrl}}\/\/"
                                },
                                "method": "GET",
                                "header": [
                                    {
                                        "key": "Content-Type",
                                        "value": "application\/json"
                                    },
                                    {
                                        "key": "Accept",
                                        "value": "application\/json"
                                    }
                                ],
                                "body": null,
                                "description": "",
                                "auth": {
                                    "type": "noauth"
                                }
                            },
                            "header": null,
                            "cookie": [],
                            "body": "null"
                        }
                    ]
                },
                {
                    "name": "Show the application's login form.",
                    "request": {
                        "url": {
                            "protocol": "http",
                            "host": "{{baseUrl}}",
                            "path": "login",
                            "query": [],
                            "raw": "http:\/\/{{baseUrl}}\/login"
                        },
                        "method": "GET",
                        "header": [
                            {
                                "key": "Content-Type",
                                "value": "application\/json"
                            },
                            {
                                "key": "Accept",
                                "value": "application\/json"
                            }
                        ],
                        "body": null,
                        "description": "",
                        "auth": {
                            "type": "noauth"
                        }
                    },
                    "response": [
                        {
                            "name": "Show the application's login form. Response #1",
                            "originalRequest": {
                                "url": {
                                    "protocol": "http",
                                    "host": "{{baseUrl}}",
                                    "path": "login",
                                    "query": [],
                                    "raw": "http:\/\/{{baseUrl}}\/login"
                                },
                                "method": "GET",
                                "header": [
                                    {
                                        "key": "Content-Type",
                                        "value": "application\/json"
                                    },
                                    {
                                        "key": "Accept",
                                        "value": "application\/json"
                                    }
                                ],
                                "body": null,
                                "description": "",
                                "auth": {
                                    "type": "noauth"
                                }
                            },
                            "header": null,
                            "cookie": [],
                            "body": "null"
                        }
                    ]
                },
                {
                    "name": "Handle a login request to the application.",
                    "request": {
                        "url": {
                            "protocol": "http",
                            "host": "{{baseUrl}}",
                            "path": "login",
                            "query": [],
                            "raw": "http:\/\/{{baseUrl}}\/login"
                        },
                        "method": "POST",
                        "header": [
                            {
                                "key": "Content-Type",
                                "value": "application\/json"
                            },
                            {
                                "key": "Accept",
                                "value": "application\/json"
                            }
                        ],
                        "body": null,
                        "description": "",
                        "auth": {
                            "type": "noauth"
                        }
                    },
                    "response": []
                },
                {
                    "name": "Log the user out of the application.",
                    "request": {
                        "url": {
                            "protocol": "http",
                            "host": "{{baseUrl}}",
                            "path": "logout",
                            "query": [],
                            "raw": "http:\/\/{{baseUrl}}\/logout"
                        },
                        "method": "POST",
                        "header": [
                            {
                                "key": "Content-Type",
                                "value": "application\/json"
                            },
                            {
                                "key": "Accept",
                                "value": "application\/json"
                            }
                        ],
                        "body": null,
                        "description": "",
                        "auth": {
                            "type": "noauth"
                        }
                    },
                    "response": []
                },
                {
                    "name": "Show the application registration form.",
                    "request": {
                        "url": {
                            "protocol": "http",
                            "host": "{{baseUrl}}",
                            "path": "register",
                            "query": [],
                            "raw": "http:\/\/{{baseUrl}}\/register"
                        },
                        "method": "GET",
                        "header": [
                            {
                                "key": "Content-Type",
                                "value": "application\/json"
                            },
                            {
                                "key": "Accept",
                                "value": "application\/json"
                            }
                        ],
                        "body": null,
                        "description": "",
                        "auth": {
                            "type": "noauth"
                        }
                    },
                    "response": [
                        {
                            "name": "Show the application registration form. Response #1",
                            "originalRequest": {
                                "url": {
                                    "protocol": "http",
                                    "host": "{{baseUrl}}",
                                    "path": "register",
                                    "query": [],
                                    "raw": "http:\/\/{{baseUrl}}\/register"
                                },
                                "method": "GET",
                                "header": [
                                    {
                                        "key": "Content-Type",
                                        "value": "application\/json"
                                    },
                                    {
                                        "key": "Accept",
                                        "value": "application\/json"
                                    }
                                ],
                                "body": null,
                                "description": "",
                                "auth": {
                                    "type": "noauth"
                                }
                            },
                            "header": null,
                            "cookie": [],
                            "body": "null"
                        }
                    ]
                },
                {
                    "name": "Handle a registration request for the application.",
                    "request": {
                        "url": {
                            "protocol": "http",
                            "host": "{{baseUrl}}",
                            "path": "register",
                            "query": [],
                            "raw": "http:\/\/{{baseUrl}}\/register"
                        },
                        "method": "POST",
                        "header": [
                            {
                                "key": "Content-Type",
                                "value": "application\/json"
                            },
                            {
                                "key": "Accept",
                                "value": "application\/json"
                            }
                        ],
                        "body": null,
                        "description": "",
                        "auth": {
                            "type": "noauth"
                        }
                    },
                    "response": []
                },
                {
                    "name": "Display the form to request a password reset link.",
                    "request": {
                        "url": {
                            "protocol": "http",
                            "host": "{{baseUrl}}",
                            "path": "password\/reset",
                            "query": [],
                            "raw": "http:\/\/{{baseUrl}}\/password\/reset"
                        },
                        "method": "GET",
                        "header": [
                            {
                                "key": "Content-Type",
                                "value": "application\/json"
                            },
                            {
                                "key": "Accept",
                                "value": "application\/json"
                            }
                        ],
                        "body": null,
                        "description": "",
                        "auth": {
                            "type": "noauth"
                        }
                    },
                    "response": [
                        {
                            "name": "Display the form to request a password reset link. Response #1",
                            "originalRequest": {
                                "url": {
                                    "protocol": "http",
                                    "host": "{{baseUrl}}",
                                    "path": "password\/reset",
                                    "query": [],
                                    "raw": "http:\/\/{{baseUrl}}\/password\/reset"
                                },
                                "method": "GET",
                                "header": [
                                    {
                                        "key": "Content-Type",
                                        "value": "application\/json"
                                    },
                                    {
                                        "key": "Accept",
                                        "value": "application\/json"
                                    }
                                ],
                                "body": null,
                                "description": "",
                                "auth": {
                                    "type": "noauth"
                                }
                            },
                            "header": null,
                            "cookie": [],
                            "body": "null"
                        }
                    ]
                },
                {
                    "name": "Send a reset link to the given user.",
                    "request": {
                        "url": {
                            "protocol": "http",
                            "host": "{{baseUrl}}",
                            "path": "password\/email",
                            "query": [],
                            "raw": "http:\/\/{{baseUrl}}\/password\/email"
                        },
                        "method": "POST",
                        "header": [
                            {
                                "key": "Content-Type",
                                "value": "application\/json"
                            },
                            {
                                "key": "Accept",
                                "value": "application\/json"
                            }
                        ],
                        "body": null,
                        "description": "",
                        "auth": {
                            "type": "noauth"
                        }
                    },
                    "response": []
                },
                {
                    "name": "Display the password reset view for the given token.",
                    "request": {
                        "url": {
                            "protocol": "http",
                            "host": "{{baseUrl}}",
                            "path": "password\/reset\/:token",
                            "query": [],
                            "raw": "http:\/\/{{baseUrl}}\/password\/reset\/:token",
                            "variable": [
                                {
                                    "id": "token",
                                    "key": "token",
                                    "value": "qui",
                                    "description": ""
                                }
                            ]
                        },
                        "method": "GET",
                        "header": [
                            {
                                "key": "Content-Type",
                                "value": "application\/json"
                            },
                            {
                                "key": "Accept",
                                "value": "application\/json"
                            }
                        ],
                        "body": null,
                        "description": "If no token is present, display the link request form.",
                        "auth": {
                            "type": "noauth"
                        }
                    },
                    "response": [
                        {
                            "name": "Display the password reset view for the given token. Response #1",
                            "originalRequest": {
                                "url": {
                                    "protocol": "http",
                                    "host": "{{baseUrl}}",
                                    "path": "password\/reset\/:token",
                                    "query": [],
                                    "raw": "http:\/\/{{baseUrl}}\/password\/reset\/:token",
                                    "variable": [
                                        {
                                            "id": "token",
                                            "key": "token",
                                            "value": "qui",
                                            "description": ""
                                        }
                                    ]
                                },
                                "method": "GET",
                                "header": [
                                    {
                                        "key": "Content-Type",
                                        "value": "application\/json"
                                    },
                                    {
                                        "key": "Accept",
                                        "value": "application\/json"
                                    }
                                ],
                                "body": null,
                                "description": "If no token is present, display the link request form.",
                                "auth": {
                                    "type": "noauth"
                                }
                            },
                            "header": null,
                            "cookie": [],
                            "body": "null"
                        }
                    ]
                },
                {
                    "name": "Reset the given user's password.",
                    "request": {
                        "url": {
                            "protocol": "http",
                            "host": "{{baseUrl}}",
                            "path": "password\/reset",
                            "query": [],
                            "raw": "http:\/\/{{baseUrl}}\/password\/reset"
                        },
                        "method": "POST",
                        "header": [
                            {
                                "key": "Content-Type",
                                "value": "application\/json"
                            },
                            {
                                "key": "Accept",
                                "value": "application\/json"
                            }
                        ],
                        "body": null,
                        "description": "",
                        "auth": {
                            "type": "noauth"
                        }
                    },
                    "response": []
                },
                {
                    "name": "Display the password confirmation view.",
                    "request": {
                        "url": {
                            "protocol": "http",
                            "host": "{{baseUrl}}",
                            "path": "password\/confirm",
                            "query": [],
                            "raw": "http:\/\/{{baseUrl}}\/password\/confirm"
                        },
                        "method": "GET",
                        "header": [
                            {
                                "key": "Content-Type",
                                "value": "application\/json"
                            },
                            {
                                "key": "Accept",
                                "value": "application\/json"
                            }
                        ],
                        "body": null,
                        "description": "",
                        "auth": {
                            "type": "noauth"
                        }
                    },
                    "response": [
                        {
                            "name": "Display the password confirmation view. Response #1",
                            "originalRequest": {
                                "url": {
                                    "protocol": "http",
                                    "host": "{{baseUrl}}",
                                    "path": "password\/confirm",
                                    "query": [],
                                    "raw": "http:\/\/{{baseUrl}}\/password\/confirm"
                                },
                                "method": "GET",
                                "header": [
                                    {
                                        "key": "Content-Type",
                                        "value": "application\/json"
                                    },
                                    {
                                        "key": "Accept",
                                        "value": "application\/json"
                                    }
                                ],
                                "body": null,
                                "description": "",
                                "auth": {
                                    "type": "noauth"
                                }
                            },
                            "header": null,
                            "cookie": [],
                            "body": "{\n    \"message\": \"Unauthenticated.\"\n}"
                        }
                    ]
                },
                {
                    "name": "Confirm the given user's password.",
                    "request": {
                        "url": {
                            "protocol": "http",
                            "host": "{{baseUrl}}",
                            "path": "password\/confirm",
                            "query": [],
                            "raw": "http:\/\/{{baseUrl}}\/password\/confirm"
                        },
                        "method": "POST",
                        "header": [
                            {
                                "key": "Content-Type",
                                "value": "application\/json"
                            },
                            {
                                "key": "Accept",
                                "value": "application\/json"
                            }
                        ],
                        "body": null,
                        "description": "",
                        "auth": {
                            "type": "noauth"
                        }
                    },
                    "response": []
                },
                {
                    "name": "Show the application dashboard.",
                    "request": {
                        "url": {
                            "protocol": "http",
                            "host": "{{baseUrl}}",
                            "path": "home",
                            "query": [],
                            "raw": "http:\/\/{{baseUrl}}\/home"
                        },
                        "method": "GET",
                        "header": [
                            {
                                "key": "Content-Type",
                                "value": "application\/json"
                            },
                            {
                                "key": "Accept",
                                "value": "application\/json"
                            }
                        ],
                        "body": null,
                        "description": "",
                        "auth": {
                            "type": "noauth"
                        }
                    },
                    "response": [
                        {
                            "name": "Show the application dashboard. Response #1",
                            "originalRequest": {
                                "url": {
                                    "protocol": "http",
                                    "host": "{{baseUrl}}",
                                    "path": "home",
                                    "query": [],
                                    "raw": "http:\/\/{{baseUrl}}\/home"
                                },
                                "method": "GET",
                                "header": [
                                    {
                                        "key": "Content-Type",
                                        "value": "application\/json"
                                    },
                                    {
                                        "key": "Accept",
                                        "value": "application\/json"
                                    }
                                ],
                                "body": null,
                                "description": "",
                                "auth": {
                                    "type": "noauth"
                                }
                            },
                            "header": null,
                            "cookie": [],
                            "body": "{\n    \"message\": \"Unauthenticated.\"\n}"
                        }
                    ]
                }
            ]
        }
    ],
    "auth": {
        "type": "bearer"
    }
}